system:index,NDVI,date,.geo
2000_02_18,0.402809,02-18-00,"{""type"":""MultiPoint"",""coordinates"":[]}"
2000_03_05,0.419606,03-05-00,"{""type"":""MultiPoint"",""coordinates"":[]}"
2000_03_21,0.438561,03-21-00,"{""type"":""MultiPoint"",""coordinates"":[]}"
2000_04_06,0.455502,04-06-00,"{""type"":""MultiPoint"",""coordinates"":[]}"
2000_04_22,0.479188,04-22-00,"{""type"":""MultiPoint"",""coordinates"":[]}"
2000_05_08,0.503895,05-08-00,"{""type"":""MultiPoint"",""coordinates"":[]}"
2000_05_24,0.500637,05-24-00,"{""type"":""MultiPoint"",""coordinates"":[]}"
2000_06_09,0.562376,06-09-00,"{""type"":""MultiPoint"",""coordinates"":[]}"
2000_06_25,0.541788,06-25-00,"{""type"":""MultiPoint"",""coordinates"":[]}"
2000_07_11,0.459215,07-11-00,"{""type"":""MultiPoint"",""coordinates"":[]}"
2000_07_27,0.465023,07-27-00,"{""type"":""MultiPoint"",""coordinates"":[]}"
2000_08_12,0.432643,08-12-00,"{""type"":""MultiPoint"",""coordinates"":[]}"
2000_08_28,0.416226,08-28-00,"{""type"":""MultiPoint"",""coordinates"":[]}"
2000_09_13,0.452128,09-13-00,"{""type"":""MultiPoint"",""coordinates"":[]}"
2000_09_29,0.441287,09-29-00,"{""type"":""MultiPoint"",""coordinates"":[]}"
2000_10_15,0.309023,10-15-00,"{""type"":""MultiPoint"",""coordinates"":[]}"
2000_10_31,0.527447,10-31-00,"{""type"":""MultiPoint"",""coordinates"":[]}"
2000_11_16,0.531308,11-16-00,"{""type"":""MultiPoint"",""coordinates"":[]}"
2000_12_02,0.497126,12-02-00,"{""type"":""MultiPoint"",""coordinates"":[]}"
2000_12_18,0.480712,12-18-00,"{""type"":""MultiPoint"",""coordinates"":[]}"
2001_01_01,0.464766,01-01-01,"{""type"":""MultiPoint"",""coordinates"":[]}"
2001_01_17,0.477005,01-17-01,"{""type"":""MultiPoint"",""coordinates"":[]}"
2001_02_02,0.460933,02-02-01,"{""type"":""MultiPoint"",""coordinates"":[]}"
2001_02_18,0.465765,02-18-01,"{""type"":""MultiPoint"",""coordinates"":[]}"
2001_03_06,0.480661,03-06-01,"{""type"":""MultiPoint"",""coordinates"":[]}"
2001_03_22,0.428833,03-22-01,"{""type"":""MultiPoint"",""coordinates"":[]}"
2001_04_07,0.58127,04-07-01,"{""type"":""MultiPoint"",""coordinates"":[]}"
2001_04_23,0.598605,04-23-01,"{""type"":""MultiPoint"",""coordinates"":[]}"
2001_05_09,0.594405,05-09-01,"{""type"":""MultiPoint"",""coordinates"":[]}"
2001_05_25,0.547283,05-25-01,"{""type"":""MultiPoint"",""coordinates"":[]}"
2001_06_10,0.497773,06-10-01,"{""type"":""MultiPoint"",""coordinates"":[]}"
2001_06_26,0.477467,06-26-01,"{""type"":""MultiPoint"",""coordinates"":[]}"
2001_07_12,0.456803,07-12-01,"{""type"":""MultiPoint"",""coordinates"":[]}"
2001_07_28,0.453198,07-28-01,"{""type"":""MultiPoint"",""coordinates"":[]}"
2001_08_13,0.450015,08-13-01,"{""type"":""MultiPoint"",""coordinates"":[]}"
2001_08_29,0.536229,08-29-01,"{""type"":""MultiPoint"",""coordinates"":[]}"
2001_09_14,0.586428,09-14-01,"{""type"":""MultiPoint"",""coordinates"":[]}"
2001_09_30,0.590985,09-30-01,"{""type"":""MultiPoint"",""coordinates"":[]}"
2001_10_16,0.56805,10-16-01,"{""type"":""MultiPoint"",""coordinates"":[]}"
2001_11_01,0.536515,11-01-01,"{""type"":""MultiPoint"",""coordinates"":[]}"
2001_11_17,0.566747,11-17-01,"{""type"":""MultiPoint"",""coordinates"":[]}"
2001_12_03,0.535064,12-03-01,"{""type"":""MultiPoint"",""coordinates"":[]}"
2001_12_19,0.510455,12-19-01,"{""type"":""MultiPoint"",""coordinates"":[]}"
2002_01_01,0.473383,01-01-02,"{""type"":""MultiPoint"",""coordinates"":[]}"
2002_01_17,0.460377,01-17-02,"{""type"":""MultiPoint"",""coordinates"":[]}"
2002_02_02,0.462917,02-02-02,"{""type"":""MultiPoint"",""coordinates"":[]}"
2002_02_18,0.433422,02-18-02,"{""type"":""MultiPoint"",""coordinates"":[]}"
2002_03_06,0.414765,03-06-02,"{""type"":""MultiPoint"",""coordinates"":[]}"
2002_03_22,0.429544,03-22-02,"{""type"":""MultiPoint"",""coordinates"":[]}"
2002_04_07,0.448751,04-07-02,"{""type"":""MultiPoint"",""coordinates"":[]}"
2002_04_23,0.567416,04-23-02,"{""type"":""MultiPoint"",""coordinates"":[]}"
2002_05_09,0.510504,05-09-02,"{""type"":""MultiPoint"",""coordinates"":[]}"
2002_05_25,0.549032,05-25-02,"{""type"":""MultiPoint"",""coordinates"":[]}"
2002_06_10,0.512739,06-10-02,"{""type"":""MultiPoint"",""coordinates"":[]}"
2002_06_26,0.518346,06-26-02,"{""type"":""MultiPoint"",""coordinates"":[]}"
2002_07_12,0.533736,07-12-02,"{""type"":""MultiPoint"",""coordinates"":[]}"
2002_07_28,0.541784,07-28-02,"{""type"":""MultiPoint"",""coordinates"":[]}"
2002_08_13,0.493191,08-13-02,"{""type"":""MultiPoint"",""coordinates"":[]}"
2002_08_29,0.518139,08-29-02,"{""type"":""MultiPoint"",""coordinates"":[]}"
2002_09_14,0.555385,09-14-02,"{""type"":""MultiPoint"",""coordinates"":[]}"
2002_09_30,0.607102,09-30-02,"{""type"":""MultiPoint"",""coordinates"":[]}"
2002_10_16,0.578189,10-16-02,"{""type"":""MultiPoint"",""coordinates"":[]}"
2002_11_01,0.564811,11-01-02,"{""type"":""MultiPoint"",""coordinates"":[]}"
2002_11_17,0.50086,11-17-02,"{""type"":""MultiPoint"",""coordinates"":[]}"
2002_12_03,0.511992,12-03-02,"{""type"":""MultiPoint"",""coordinates"":[]}"
2002_12_19,0.481144,12-19-02,"{""type"":""MultiPoint"",""coordinates"":[]}"
2003_01_01,0.472284,01-01-03,"{""type"":""MultiPoint"",""coordinates"":[]}"
2003_01_17,0.456369,01-17-03,"{""type"":""MultiPoint"",""coordinates"":[]}"
2003_02_02,0.44522,02-02-03,"{""type"":""MultiPoint"",""coordinates"":[]}"
2003_02_18,0.476463,02-18-03,"{""type"":""MultiPoint"",""coordinates"":[]}"
2003_03_06,0.46236,03-06-03,"{""type"":""MultiPoint"",""coordinates"":[]}"
2003_03_22,0.493205,03-22-03,"{""type"":""MultiPoint"",""coordinates"":[]}"
2003_04_07,0.497131,04-07-03,"{""type"":""MultiPoint"",""coordinates"":[]}"
2003_04_23,0.513561,04-23-03,"{""type"":""MultiPoint"",""coordinates"":[]}"
2003_05_09,0.476595,05-09-03,"{""type"":""MultiPoint"",""coordinates"":[]}"
2003_05_25,0.519086,05-25-03,"{""type"":""MultiPoint"",""coordinates"":[]}"
2003_06_10,0.607132,06-10-03,"{""type"":""MultiPoint"",""coordinates"":[]}"
2003_06_26,0.552398,06-26-03,"{""type"":""MultiPoint"",""coordinates"":[]}"
2003_07_12,0.571609,07-12-03,"{""type"":""MultiPoint"",""coordinates"":[]}"
2003_07_28,0.534766,07-28-03,"{""type"":""MultiPoint"",""coordinates"":[]}"
2003_08_13,0.523299,08-13-03,"{""type"":""MultiPoint"",""coordinates"":[]}"
2003_08_29,0.574929,08-29-03,"{""type"":""MultiPoint"",""coordinates"":[]}"
2003_09_14,0.587787,09-14-03,"{""type"":""MultiPoint"",""coordinates"":[]}"
2003_09_30,0.594004,09-30-03,"{""type"":""MultiPoint"",""coordinates"":[]}"
2003_10_16,0.572416,10-16-03,"{""type"":""MultiPoint"",""coordinates"":[]}"
2003_11_01,0.232319,11-01-03,"{""type"":""MultiPoint"",""coordinates"":[]}"
2003_11_17,0.508527,11-17-03,"{""type"":""MultiPoint"",""coordinates"":[]}"
2003_12_03,0.477673,12-03-03,"{""type"":""MultiPoint"",""coordinates"":[]}"
2003_12_19,0.447518,12-19-03,"{""type"":""MultiPoint"",""coordinates"":[]}"
2004_01_01,0.438841,01-01-04,"{""type"":""MultiPoint"",""coordinates"":[]}"
2004_01_17,0.45272,01-17-04,"{""type"":""MultiPoint"",""coordinates"":[]}"
2004_02_02,0.447801,02-02-04,"{""type"":""MultiPoint"",""coordinates"":[]}"
2004_02_18,0.429774,02-18-04,"{""type"":""MultiPoint"",""coordinates"":[]}"
2004_03_05,0.418935,03-05-04,"{""type"":""MultiPoint"",""coordinates"":[]}"
2004_03_21,0.475842,03-21-04,"{""type"":""MultiPoint"",""coordinates"":[]}"
2004_04_06,0.568021,04-06-04,"{""type"":""MultiPoint"",""coordinates"":[]}"
2004_04_22,0.596173,04-22-04,"{""type"":""MultiPoint"",""coordinates"":[]}"
2004_05_08,0.567863,05-08-04,"{""type"":""MultiPoint"",""coordinates"":[]}"
2004_05_24,0.579717,05-24-04,"{""type"":""MultiPoint"",""coordinates"":[]}"
2004_06_09,0.582446,06-09-04,"{""type"":""MultiPoint"",""coordinates"":[]}"
2004_06_25,0.61692,06-25-04,"{""type"":""MultiPoint"",""coordinates"":[]}"
2004_07_11,0.573507,07-11-04,"{""type"":""MultiPoint"",""coordinates"":[]}"
2004_07_27,0.573181,07-27-04,"{""type"":""MultiPoint"",""coordinates"":[]}"
2004_08_12,0.581777,08-12-04,"{""type"":""MultiPoint"",""coordinates"":[]}"
2004_08_28,0.586179,08-28-04,"{""type"":""MultiPoint"",""coordinates"":[]}"
2004_09_13,0.571371,09-13-04,"{""type"":""MultiPoint"",""coordinates"":[]}"
2004_09_29,0.572405,09-29-04,"{""type"":""MultiPoint"",""coordinates"":[]}"
2004_10_15,0.561481,10-15-04,"{""type"":""MultiPoint"",""coordinates"":[]}"
2004_10_31,0.557744,10-31-04,"{""type"":""MultiPoint"",""coordinates"":[]}"
2004_11_16,0.543499,11-16-04,"{""type"":""MultiPoint"",""coordinates"":[]}"
2004_12_02,0.509444,12-02-04,"{""type"":""MultiPoint"",""coordinates"":[]}"
2004_12_18,0.463223,12-18-04,"{""type"":""MultiPoint"",""coordinates"":[]}"
2005_01_01,0.45592,01-01-05,"{""type"":""MultiPoint"",""coordinates"":[]}"
2005_01_17,0.455394,01-17-05,"{""type"":""MultiPoint"",""coordinates"":[]}"
2005_02_02,0.452486,02-02-05,"{""type"":""MultiPoint"",""coordinates"":[]}"
2005_02_18,0.45081,02-18-05,"{""type"":""MultiPoint"",""coordinates"":[]}"
2005_03_06,0.453591,03-06-05,"{""type"":""MultiPoint"",""coordinates"":[]}"
2005_03_22,0.451735,03-22-05,"{""type"":""MultiPoint"",""coordinates"":[]}"
2005_04_07,0.479739,04-07-05,"{""type"":""MultiPoint"",""coordinates"":[]}"
2005_04_23,0.528284,04-23-05,"{""type"":""MultiPoint"",""coordinates"":[]}"
2005_05_09,0.583654,05-09-05,"{""type"":""MultiPoint"",""coordinates"":[]}"
2005_05_25,0.624782,05-25-05,"{""type"":""MultiPoint"",""coordinates"":[]}"
2005_06_10,0.560124,06-10-05,"{""type"":""MultiPoint"",""coordinates"":[]}"
2005_06_26,0.515645,06-26-05,"{""type"":""MultiPoint"",""coordinates"":[]}"
2005_07_12,0.546963,07-12-05,"{""type"":""MultiPoint"",""coordinates"":[]}"
2005_07_28,0.559364,07-28-05,"{""type"":""MultiPoint"",""coordinates"":[]}"
2005_08_13,0.571309,08-13-05,"{""type"":""MultiPoint"",""coordinates"":[]}"
2005_08_29,0.569238,08-29-05,"{""type"":""MultiPoint"",""coordinates"":[]}"
2005_09_14,0.526859,09-14-05,"{""type"":""MultiPoint"",""coordinates"":[]}"
2005_09_30,0.523325,09-30-05,"{""type"":""MultiPoint"",""coordinates"":[]}"
2005_10_16,0.554706,10-16-05,"{""type"":""MultiPoint"",""coordinates"":[]}"
2005_11_01,0.526511,11-01-05,"{""type"":""MultiPoint"",""coordinates"":[]}"
2005_11_17,0.502918,11-17-05,"{""type"":""MultiPoint"",""coordinates"":[]}"
2005_12_03,0.46231,12-03-05,"{""type"":""MultiPoint"",""coordinates"":[]}"
2005_12_19,0.441684,12-19-05,"{""type"":""MultiPoint"",""coordinates"":[]}"
2006_01_01,0.440899,01-01-06,"{""type"":""MultiPoint"",""coordinates"":[]}"
2006_01_17,0.423963,01-17-06,"{""type"":""MultiPoint"",""coordinates"":[]}"
2006_02_02,0.420996,02-02-06,"{""type"":""MultiPoint"",""coordinates"":[]}"
2006_02_18,0.418745,02-18-06,"{""type"":""MultiPoint"",""coordinates"":[]}"
2006_03_06,0.423571,03-06-06,"{""type"":""MultiPoint"",""coordinates"":[]}"
2006_03_22,0.420746,03-22-06,"{""type"":""MultiPoint"",""coordinates"":[]}"
2006_04_07,0.476725,04-07-06,"{""type"":""MultiPoint"",""coordinates"":[]}"
2006_04_23,0.516462,04-23-06,"{""type"":""MultiPoint"",""coordinates"":[]}"
2006_05_09,0.53595,05-09-06,"{""type"":""MultiPoint"",""coordinates"":[]}"
2006_05_25,0.516819,05-25-06,"{""type"":""MultiPoint"",""coordinates"":[]}"
2006_06_10,0.487099,06-10-06,"{""type"":""MultiPoint"",""coordinates"":[]}"
2006_06_26,0.500659,06-26-06,"{""type"":""MultiPoint"",""coordinates"":[]}"
2006_07_12,0.466241,07-12-06,"{""type"":""MultiPoint"",""coordinates"":[]}"
2006_07_28,0.484482,07-28-06,"{""type"":""MultiPoint"",""coordinates"":[]}"
2006_08_13,0.480992,08-13-06,"{""type"":""MultiPoint"",""coordinates"":[]}"
2006_08_29,0.490807,08-29-06,"{""type"":""MultiPoint"",""coordinates"":[]}"
2006_09_14,0.569226,09-14-06,"{""type"":""MultiPoint"",""coordinates"":[]}"
2006_09_30,0.577483,09-30-06,"{""type"":""MultiPoint"",""coordinates"":[]}"
2006_10_16,0.587845,10-16-06,"{""type"":""MultiPoint"",""coordinates"":[]}"
2006_11_01,0.549871,11-01-06,"{""type"":""MultiPoint"",""coordinates"":[]}"
2006_11_17,0.499163,11-17-06,"{""type"":""MultiPoint"",""coordinates"":[]}"
2006_12_03,0.457146,12-03-06,"{""type"":""MultiPoint"",""coordinates"":[]}"
2006_12_19,0.46241,12-19-06,"{""type"":""MultiPoint"",""coordinates"":[]}"
2007_01_01,0.45625,01-01-07,"{""type"":""MultiPoint"",""coordinates"":[]}"
2007_01_17,0.439302,01-17-07,"{""type"":""MultiPoint"",""coordinates"":[]}"
2007_02_02,0.418843,02-02-07,"{""type"":""MultiPoint"",""coordinates"":[]}"
2007_02_18,0.41751,02-18-07,"{""type"":""MultiPoint"",""coordinates"":[]}"
2007_03_06,0.405507,03-06-07,"{""type"":""MultiPoint"",""coordinates"":[]}"
2007_03_22,0.488212,03-22-07,"{""type"":""MultiPoint"",""coordinates"":[]}"
2007_04_07,0.537526,04-07-07,"{""type"":""MultiPoint"",""coordinates"":[]}"
2007_04_23,0.53399,04-23-07,"{""type"":""MultiPoint"",""coordinates"":[]}"
2007_05_09,0.611948,05-09-07,"{""type"":""MultiPoint"",""coordinates"":[]}"
2007_05_25,0.620249,05-25-07,"{""type"":""MultiPoint"",""coordinates"":[]}"
2007_06_10,0.573435,06-10-07,"{""type"":""MultiPoint"",""coordinates"":[]}"
2007_06_26,0.59803,06-26-07,"{""type"":""MultiPoint"",""coordinates"":[]}"
2007_07_12,0.58314,07-12-07,"{""type"":""MultiPoint"",""coordinates"":[]}"
2007_07_28,0.58574,07-28-07,"{""type"":""MultiPoint"",""coordinates"":[]}"
2007_08_13,0.587104,08-13-07,"{""type"":""MultiPoint"",""coordinates"":[]}"
2007_08_29,0.61938,08-29-07,"{""type"":""MultiPoint"",""coordinates"":[]}"
2007_09_14,0.580723,09-14-07,"{""type"":""MultiPoint"",""coordinates"":[]}"
2007_09_30,0.558279,09-30-07,"{""type"":""MultiPoint"",""coordinates"":[]}"
2007_10_16,0.534363,10-16-07,"{""type"":""MultiPoint"",""coordinates"":[]}"
2007_11_01,0.50471,11-01-07,"{""type"":""MultiPoint"",""coordinates"":[]}"
2007_11_17,0.485303,11-17-07,"{""type"":""MultiPoint"",""coordinates"":[]}"
2007_12_03,0.47706,12-03-07,"{""type"":""MultiPoint"",""coordinates"":[]}"
2007_12_19,0.456435,12-19-07,"{""type"":""MultiPoint"",""coordinates"":[]}"
2008_01_01,0.434132,01-01-08,"{""type"":""MultiPoint"",""coordinates"":[]}"
2008_01_17,0.438149,01-17-08,"{""type"":""MultiPoint"",""coordinates"":[]}"
2008_02_02,0.412155,02-02-08,"{""type"":""MultiPoint"",""coordinates"":[]}"
2008_02_18,0.400695,02-18-08,"{""type"":""MultiPoint"",""coordinates"":[]}"
2008_03_05,0.399487,03-05-08,"{""type"":""MultiPoint"",""coordinates"":[]}"
2008_03_21,0.416445,03-21-08,"{""type"":""MultiPoint"",""coordinates"":[]}"
2008_04_06,0.452436,04-06-08,"{""type"":""MultiPoint"",""coordinates"":[]}"
2008_04_22,0.484571,04-22-08,"{""type"":""MultiPoint"",""coordinates"":[]}"
2008_05_08,0.496724,05-08-08,"{""type"":""MultiPoint"",""coordinates"":[]}"
2008_05_24,0.518195,05-24-08,"{""type"":""MultiPoint"",""coordinates"":[]}"
2008_06_09,0.483934,06-09-08,"{""type"":""MultiPoint"",""coordinates"":[]}"
2008_06_25,0.478342,06-25-08,"{""type"":""MultiPoint"",""coordinates"":[]}"
2008_07_11,0.471713,07-11-08,"{""type"":""MultiPoint"",""coordinates"":[]}"
2008_07_27,0.48363,07-27-08,"{""type"":""MultiPoint"",""coordinates"":[]}"
2008_08_12,0.540263,08-12-08,"{""type"":""MultiPoint"",""coordinates"":[]}"
2008_08_28,0.565831,08-28-08,"{""type"":""MultiPoint"",""coordinates"":[]}"
2008_09_13,0.53829,09-13-08,"{""type"":""MultiPoint"",""coordinates"":[]}"
2008_09_29,0.512188,09-29-08,"{""type"":""MultiPoint"",""coordinates"":[]}"
2008_10_15,0.519893,10-15-08,"{""type"":""MultiPoint"",""coordinates"":[]}"
2008_10_31,0.454292,10-31-08,"{""type"":""MultiPoint"",""coordinates"":[]}"
2008_11_16,0.450518,11-16-08,"{""type"":""MultiPoint"",""coordinates"":[]}"
2008_12_02,0.437518,12-02-08,"{""type"":""MultiPoint"",""coordinates"":[]}"
2008_12_18,0.416168,12-18-08,"{""type"":""MultiPoint"",""coordinates"":[]}"
2009_01_01,0.413615,01-01-09,"{""type"":""MultiPoint"",""coordinates"":[]}"
2009_01_17,0.398996,01-17-09,"{""type"":""MultiPoint"",""coordinates"":[]}"
2009_02_02,0.374473,02-02-09,"{""type"":""MultiPoint"",""coordinates"":[]}"
2009_02_18,0.368594,02-18-09,"{""type"":""MultiPoint"",""coordinates"":[]}"
2009_03_06,0.364037,03-06-09,"{""type"":""MultiPoint"",""coordinates"":[]}"
2009_03_22,0.404102,03-22-09,"{""type"":""MultiPoint"",""coordinates"":[]}"
2009_04_07,0.439881,04-07-09,"{""type"":""MultiPoint"",""coordinates"":[]}"
2009_04_23,0.540149,04-23-09,"{""type"":""MultiPoint"",""coordinates"":[]}"
2009_05_09,0.56349,05-09-09,"{""type"":""MultiPoint"",""coordinates"":[]}"
2009_05_25,0.597656,05-25-09,"{""type"":""MultiPoint"",""coordinates"":[]}"
2009_06_10,0.511901,06-10-09,"{""type"":""MultiPoint"",""coordinates"":[]}"
2009_06_26,0.477391,06-26-09,"{""type"":""MultiPoint"",""coordinates"":[]}"
2009_07_12,0.483811,07-12-09,"{""type"":""MultiPoint"",""coordinates"":[]}"
2009_07_28,0.500659,07-28-09,"{""type"":""MultiPoint"",""coordinates"":[]}"
2009_08_13,0.494692,08-13-09,"{""type"":""MultiPoint"",""coordinates"":[]}"
2009_08_29,0.477027,08-29-09,"{""type"":""MultiPoint"",""coordinates"":[]}"
2009_09_14,0.537428,09-14-09,"{""type"":""MultiPoint"",""coordinates"":[]}"
2009_09_30,0.596862,09-30-09,"{""type"":""MultiPoint"",""coordinates"":[]}"
2009_10_16,0.609051,10-16-09,"{""type"":""MultiPoint"",""coordinates"":[]}"
2009_11_01,0.588659,11-01-09,"{""type"":""MultiPoint"",""coordinates"":[]}"
2009_11_17,0.549346,11-17-09,"{""type"":""MultiPoint"",""coordinates"":[]}"
2009_12_03,0.492017,12-03-09,"{""type"":""MultiPoint"",""coordinates"":[]}"
2009_12_19,0.472519,12-19-09,"{""type"":""MultiPoint"",""coordinates"":[]}"
2010_01_01,0.465112,01-01-10,"{""type"":""MultiPoint"",""coordinates"":[]}"
2010_01_17,0.450286,01-17-10,"{""type"":""MultiPoint"",""coordinates"":[]}"
2010_02_02,0.443423,02-02-10,"{""type"":""MultiPoint"",""coordinates"":[]}"
2010_02_18,0.429672,02-18-10,"{""type"":""MultiPoint"",""coordinates"":[]}"
2010_03_06,0.436296,03-06-10,"{""type"":""MultiPoint"",""coordinates"":[]}"
2010_03_22,0.435042,03-22-10,"{""type"":""MultiPoint"",""coordinates"":[]}"
2010_04_07,0.493673,04-07-10,"{""type"":""MultiPoint"",""coordinates"":[]}"
2010_04_23,0.569805,04-23-10,"{""type"":""MultiPoint"",""coordinates"":[]}"
2010_05_09,0.593676,05-09-10,"{""type"":""MultiPoint"",""coordinates"":[]}"
2010_05_25,0.570669,05-25-10,"{""type"":""MultiPoint"",""coordinates"":[]}"
2010_06_10,0.518609,06-10-10,"{""type"":""MultiPoint"",""coordinates"":[]}"
2010_06_26,0.564645,06-26-10,"{""type"":""MultiPoint"",""coordinates"":[]}"
2010_07_12,0.550588,07-12-10,"{""type"":""MultiPoint"",""coordinates"":[]}"
2010_07_28,0.51256,07-28-10,"{""type"":""MultiPoint"",""coordinates"":[]}"
2010_08_13,0.48754,08-13-10,"{""type"":""MultiPoint"",""coordinates"":[]}"
2010_08_29,0.493447,08-29-10,"{""type"":""MultiPoint"",""coordinates"":[]}"
2010_09_14,0.620886,09-14-10,"{""type"":""MultiPoint"",""coordinates"":[]}"
2010_09_30,0.580775,09-30-10,"{""type"":""MultiPoint"",""coordinates"":[]}"
2010_10_16,0.560931,10-16-10,"{""type"":""MultiPoint"",""coordinates"":[]}"
2010_11_01,0.51616,11-01-10,"{""type"":""MultiPoint"",""coordinates"":[]}"
2010_11_17,0.472611,11-17-10,"{""type"":""MultiPoint"",""coordinates"":[]}"
2010_12_03,0.439754,12-03-10,"{""type"":""MultiPoint"",""coordinates"":[]}"
2010_12_19,0.432253,12-19-10,"{""type"":""MultiPoint"",""coordinates"":[]}"
2011_01_01,0.434353,01-01-11,"{""type"":""MultiPoint"",""coordinates"":[]}"
2011_01_17,0.418989,01-17-11,"{""type"":""MultiPoint"",""coordinates"":[]}"
2011_02_02,0.404736,02-02-11,"{""type"":""MultiPoint"",""coordinates"":[]}"
2011_02_18,0.392225,02-18-11,"{""type"":""MultiPoint"",""coordinates"":[]}"
2011_03_06,0.373322,03-06-11,"{""type"":""MultiPoint"",""coordinates"":[]}"
2011_03_22,0.412833,03-22-11,"{""type"":""MultiPoint"",""coordinates"":[]}"
2011_04_07,0.414571,04-07-11,"{""type"":""MultiPoint"",""coordinates"":[]}"
2011_04_23,0.419955,04-23-11,"{""type"":""MultiPoint"",""coordinates"":[]}"
2011_05_09,0.435991,05-09-11,"{""type"":""MultiPoint"",""coordinates"":[]}"
2011_05_25,0.427613,05-25-11,"{""type"":""MultiPoint"",""coordinates"":[]}"
2011_06_10,0.402882,06-10-11,"{""type"":""MultiPoint"",""coordinates"":[]}"
2011_06_26,0.401438,06-26-11,"{""type"":""MultiPoint"",""coordinates"":[]}"
2011_07_12,0.37874,07-12-11,"{""type"":""MultiPoint"",""coordinates"":[]}"
2011_07_28,0.391298,07-28-11,"{""type"":""MultiPoint"",""coordinates"":[]}"
2011_08_13,0.393623,08-13-11,"{""type"":""MultiPoint"",""coordinates"":[]}"
2011_08_29,0.382437,08-29-11,"{""type"":""MultiPoint"",""coordinates"":[]}"
2011_09_14,0.394476,09-14-11,"{""type"":""MultiPoint"",""coordinates"":[]}"
2011_09_30,0.419348,09-30-11,"{""type"":""MultiPoint"",""coordinates"":[]}"
2011_10_16,0.429094,10-16-11,"{""type"":""MultiPoint"",""coordinates"":[]}"
2011_11_01,0.426195,11-01-11,"{""type"":""MultiPoint"",""coordinates"":[]}"
2011_11_17,0.438501,11-17-11,"{""type"":""MultiPoint"",""coordinates"":[]}"
2011_12_03,0.339371,12-03-11,"{""type"":""MultiPoint"",""coordinates"":[]}"
2011_12_19,0.432581,12-19-11,"{""type"":""MultiPoint"",""coordinates"":[]}"
2012_01_01,0.411519,01-01-12,"{""type"":""MultiPoint"",""coordinates"":[]}"
2012_01_17,0.411411,01-17-12,"{""type"":""MultiPoint"",""coordinates"":[]}"
2012_02_02,0.454174,02-02-12,"{""type"":""MultiPoint"",""coordinates"":[]}"
2012_02_18,0.448798,02-18-12,"{""type"":""MultiPoint"",""coordinates"":[]}"
2012_03_05,0.501328,03-05-12,"{""type"":""MultiPoint"",""coordinates"":[]}"
2012_03_21,0.528739,03-21-12,"{""type"":""MultiPoint"",""coordinates"":[]}"
2012_04_06,0.524204,04-06-12,"{""type"":""MultiPoint"",""coordinates"":[]}"
2012_04_22,0.502523,04-22-12,"{""type"":""MultiPoint"",""coordinates"":[]}"
2012_05_08,0.484554,05-08-12,"{""type"":""MultiPoint"",""coordinates"":[]}"
2012_05_24,0.500463,05-24-12,"{""type"":""MultiPoint"",""coordinates"":[]}"
2012_06_09,0.471111,06-09-12,"{""type"":""MultiPoint"",""coordinates"":[]}"
2012_06_25,0.450185,06-25-12,"{""type"":""MultiPoint"",""coordinates"":[]}"
2012_07_11,0.471717,07-11-12,"{""type"":""MultiPoint"",""coordinates"":[]}"
2012_07_27,0.455197,07-27-12,"{""type"":""MultiPoint"",""coordinates"":[]}"
2012_08_12,0.457869,08-12-12,"{""type"":""MultiPoint"",""coordinates"":[]}"
2012_08_28,0.442263,08-28-12,"{""type"":""MultiPoint"",""coordinates"":[]}"
2012_09_13,0.475342,09-13-12,"{""type"":""MultiPoint"",""coordinates"":[]}"
2012_09_29,0.571802,09-29-12,"{""type"":""MultiPoint"",""coordinates"":[]}"
2012_10_15,0.569414,10-15-12,"{""type"":""MultiPoint"",""coordinates"":[]}"
2012_10_31,0.537026,10-31-12,"{""type"":""MultiPoint"",""coordinates"":[]}"
2012_11_16,0.513398,11-16-12,"{""type"":""MultiPoint"",""coordinates"":[]}"
2012_12_02,0.48118,12-02-12,"{""type"":""MultiPoint"",""coordinates"":[]}"
2012_12_18,0.435944,12-18-12,"{""type"":""MultiPoint"",""coordinates"":[]}"
2013_01_01,0.43705,01-01-13,"{""type"":""MultiPoint"",""coordinates"":[]}"
2013_01_17,0.436362,01-17-13,"{""type"":""MultiPoint"",""coordinates"":[]}"
2013_02_02,0.442832,02-02-13,"{""type"":""MultiPoint"",""coordinates"":[]}"
2013_02_18,0.41453,02-18-13,"{""type"":""MultiPoint"",""coordinates"":[]}"
2013_03_06,0.41604,03-06-13,"{""type"":""MultiPoint"",""coordinates"":[]}"
2013_03_22,0.436572,03-22-13,"{""type"":""MultiPoint"",""coordinates"":[]}"
2013_04_07,0.456954,04-07-13,"{""type"":""MultiPoint"",""coordinates"":[]}"
2013_04_23,0.477408,04-23-13,"{""type"":""MultiPoint"",""coordinates"":[]}"
2013_05_09,0.494106,05-09-13,"{""type"":""MultiPoint"",""coordinates"":[]}"
2013_05_25,0.506798,05-25-13,"{""type"":""MultiPoint"",""coordinates"":[]}"
2013_06_10,0.532961,06-10-13,"{""type"":""MultiPoint"",""coordinates"":[]}"
2013_06_26,0.490524,06-26-13,"{""type"":""MultiPoint"",""coordinates"":[]}"
2013_07_12,0.472261,07-12-13,"{""type"":""MultiPoint"",""coordinates"":[]}"
2013_07_28,0.468678,07-28-13,"{""type"":""MultiPoint"",""coordinates"":[]}"
2013_08_13,0.455464,08-13-13,"{""type"":""MultiPoint"",""coordinates"":[]}"
2013_08_29,0.445143,08-29-13,"{""type"":""MultiPoint"",""coordinates"":[]}"
2013_09_14,0.50059,09-14-13,"{""type"":""MultiPoint"",""coordinates"":[]}"
2013_09_30,0.540152,09-30-13,"{""type"":""MultiPoint"",""coordinates"":[]}"
2013_10_16,0.575666,10-16-13,"{""type"":""MultiPoint"",""coordinates"":[]}"
2013_11_01,0.553173,11-01-13,"{""type"":""MultiPoint"",""coordinates"":[]}"
2013_11_17,0.505753,11-17-13,"{""type"":""MultiPoint"",""coordinates"":[]}"
2013_12_03,0.468105,12-03-13,"{""type"":""MultiPoint"",""coordinates"":[]}"
2013_12_19,0.461776,12-19-13,"{""type"":""MultiPoint"",""coordinates"":[]}"
2014_01_01,0.439091,01-01-14,"{""type"":""MultiPoint"",""coordinates"":[]}"
2014_01_17,0.433003,01-17-14,"{""type"":""MultiPoint"",""coordinates"":[]}"
2014_02_02,0.406991,02-02-14,"{""type"":""MultiPoint"",""coordinates"":[]}"
2014_02_18,0.390874,02-18-14,"{""type"":""MultiPoint"",""coordinates"":[]}"
2014_03_06,0.382228,03-06-14,"{""type"":""MultiPoint"",""coordinates"":[]}"
2014_03_22,0.380863,03-22-14,"{""type"":""MultiPoint"",""coordinates"":[]}"
2014_04_07,0.418607,04-07-14,"{""type"":""MultiPoint"",""coordinates"":[]}"
2014_04_23,0.399292,04-23-14,"{""type"":""MultiPoint"",""coordinates"":[]}"
2014_05_09,0.423836,05-09-14,"{""type"":""MultiPoint"",""coordinates"":[]}"
2014_05_25,0.492932,05-25-14,"{""type"":""MultiPoint"",""coordinates"":[]}"
2014_06_10,0.535154,06-10-14,"{""type"":""MultiPoint"",""coordinates"":[]}"
2014_06_26,0.524516,06-26-14,"{""type"":""MultiPoint"",""coordinates"":[]}"
2014_07_12,0.498768,07-12-14,"{""type"":""MultiPoint"",""coordinates"":[]}"
2014_07_28,0.476588,07-28-14,"{""type"":""MultiPoint"",""coordinates"":[]}"
2014_08_13,0.487522,08-13-14,"{""type"":""MultiPoint"",""coordinates"":[]}"
2014_08_29,0.489955,08-29-14,"{""type"":""MultiPoint"",""coordinates"":[]}"
2014_09_14,0.521096,09-14-14,"{""type"":""MultiPoint"",""coordinates"":[]}"
2014_09_30,0.531924,09-30-14,"{""type"":""MultiPoint"",""coordinates"":[]}"
2014_10_16,0.542619,10-16-14,"{""type"":""MultiPoint"",""coordinates"":[]}"
2014_11_01,0.535079,11-01-14,"{""type"":""MultiPoint"",""coordinates"":[]}"
2014_11_17,0.487049,11-17-14,"{""type"":""MultiPoint"",""coordinates"":[]}"
2014_12_03,0.404618,12-03-14,"{""type"":""MultiPoint"",""coordinates"":[]}"
2014_12_19,0.461029,12-19-14,"{""type"":""MultiPoint"",""coordinates"":[]}"
2015_01_01,0.441636,01-01-15,"{""type"":""MultiPoint"",""coordinates"":[]}"
2015_01_17,0.418575,01-17-15,"{""type"":""MultiPoint"",""coordinates"":[]}"
2015_02_02,0.418835,02-02-15,"{""type"":""MultiPoint"",""coordinates"":[]}"
2015_02_18,0.404254,02-18-15,"{""type"":""MultiPoint"",""coordinates"":[]}"
2015_03_06,0.410541,03-06-15,"{""type"":""MultiPoint"",""coordinates"":[]}"
2015_03_22,0.447903,03-22-15,"{""type"":""MultiPoint"",""coordinates"":[]}"
2015_04_07,0.52804,04-07-15,"{""type"":""MultiPoint"",""coordinates"":[]}"
2015_04_23,0.559395,04-23-15,"{""type"":""MultiPoint"",""coordinates"":[]}"
2015_05_09,0.393311,05-09-15,"{""type"":""MultiPoint"",""coordinates"":[]}"
2015_05_25,0.603621,05-25-15,"{""type"":""MultiPoint"",""coordinates"":[]}"
2015_06_10,0.58812,06-10-15,"{""type"":""MultiPoint"",""coordinates"":[]}"
2015_06_26,0.592829,06-26-15,"{""type"":""MultiPoint"",""coordinates"":[]}"
2015_07_12,0.551465,07-12-15,"{""type"":""MultiPoint"",""coordinates"":[]}"
2015_07_28,0.501419,07-28-15,"{""type"":""MultiPoint"",""coordinates"":[]}"
2015_08_13,0.508315,08-13-15,"{""type"":""MultiPoint"",""coordinates"":[]}"
2015_08_29,0.486681,08-29-15,"{""type"":""MultiPoint"",""coordinates"":[]}"
2015_09_14,0.470507,09-14-15,"{""type"":""MultiPoint"",""coordinates"":[]}"
2015_09_30,0.476561,09-30-15,"{""type"":""MultiPoint"",""coordinates"":[]}"
2015_10_16,0.50175,10-16-15,"{""type"":""MultiPoint"",""coordinates"":[]}"
2015_11_01,0.526182,11-01-15,"{""type"":""MultiPoint"",""coordinates"":[]}"
2015_11_17,0.543723,11-17-15,"{""type"":""MultiPoint"",""coordinates"":[]}"
2015_12_03,0.495069,12-03-15,"{""type"":""MultiPoint"",""coordinates"":[]}"
2015_12_19,0.477248,12-19-15,"{""type"":""MultiPoint"",""coordinates"":[]}"
2016_01_01,0.493553,01-01-16,"{""type"":""MultiPoint"",""coordinates"":[]}"
2016_01_17,0.476886,01-17-16,"{""type"":""MultiPoint"",""coordinates"":[]}"
2016_02_02,0.443875,02-02-16,"{""type"":""MultiPoint"",""coordinates"":[]}"
2016_02_18,0.440816,02-18-16,"{""type"":""MultiPoint"",""coordinates"":[]}"
2016_03_05,0.467539,03-05-16,"{""type"":""MultiPoint"",""coordinates"":[]}"
2016_03_21,0.5067,03-21-16,"{""type"":""MultiPoint"",""coordinates"":[]}"
2016_04_06,0.609211,04-06-16,"{""type"":""MultiPoint"",""coordinates"":[]}"
2016_04_22,0.613155,04-22-16,"{""type"":""MultiPoint"",""coordinates"":[]}"
2016_05_08,0.562192,05-08-16,"{""type"":""MultiPoint"",""coordinates"":[]}"
2016_05_24,0.602874,05-24-16,"{""type"":""MultiPoint"",""coordinates"":[]}"
2016_06_09,0.580739,06-09-16,"{""type"":""MultiPoint"",""coordinates"":[]}"
2016_06_25,0.505693,06-25-16,"{""type"":""MultiPoint"",""coordinates"":[]}"
2016_07_11,0.488579,07-11-16,"{""type"":""MultiPoint"",""coordinates"":[]}"
2016_07_27,0.479116,07-27-16,"{""type"":""MultiPoint"",""coordinates"":[]}"
2016_08_12,0.591549,08-12-16,"{""type"":""MultiPoint"",""coordinates"":[]}"
2016_08_28,0.584768,08-28-16,"{""type"":""MultiPoint"",""coordinates"":[]}"
2016_09_13,0.621987,09-13-16,"{""type"":""MultiPoint"",""coordinates"":[]}"
2016_09_29,0.587586,09-29-16,"{""type"":""MultiPoint"",""coordinates"":[]}"
2016_10_15,0.589833,10-15-16,"{""type"":""MultiPoint"",""coordinates"":[]}"
2016_10_31,0.565534,10-31-16,"{""type"":""MultiPoint"",""coordinates"":[]}"
2016_11_16,0.549393,11-16-16,"{""type"":""MultiPoint"",""coordinates"":[]}"
2016_12_02,0.519583,12-02-16,"{""type"":""MultiPoint"",""coordinates"":[]}"
2016_12_18,0.506322,12-18-16,"{""type"":""MultiPoint"",""coordinates"":[]}"
2017_01_01,0.491726,01-01-17,"{""type"":""MultiPoint"",""coordinates"":[]}"
2017_01_17,0.462773,01-17-17,"{""type"":""MultiPoint"",""coordinates"":[]}"
2017_02_02,0.455676,02-02-17,"{""type"":""MultiPoint"",""coordinates"":[]}"
2017_02_18,0.463364,02-18-17,"{""type"":""MultiPoint"",""coordinates"":[]}"
2017_03_06,0.512206,03-06-17,"{""type"":""MultiPoint"",""coordinates"":[]}"
2017_03_22,0.560712,03-22-17,"{""type"":""MultiPoint"",""coordinates"":[]}"
2017_04_07,0.575617,04-07-17,"{""type"":""MultiPoint"",""coordinates"":[]}"
2017_04_23,0.572676,04-23-17,"{""type"":""MultiPoint"",""coordinates"":[]}"
2017_05_09,0.540659,05-09-17,"{""type"":""MultiPoint"",""coordinates"":[]}"
2017_05_25,0.571458,05-25-17,"{""type"":""MultiPoint"",""coordinates"":[]}"
2017_06_10,0.559729,06-10-17,"{""type"":""MultiPoint"",""coordinates"":[]}"
2017_06_26,0.51598,06-26-17,"{""type"":""MultiPoint"",""coordinates"":[]}"
2017_07_12,0.49091,07-12-17,"{""type"":""MultiPoint"",""coordinates"":[]}"
2017_07_28,0.52348,07-28-17,"{""type"":""MultiPoint"",""coordinates"":[]}"
2017_08_13,0.538194,08-13-17,"{""type"":""MultiPoint"",""coordinates"":[]}"
2017_08_29,0.513663,08-29-17,"{""type"":""MultiPoint"",""coordinates"":[]}"
2017_09_14,0.506988,09-14-17,"{""type"":""MultiPoint"",""coordinates"":[]}"
2017_09_30,0.588794,09-30-17,"{""type"":""MultiPoint"",""coordinates"":[]}"
2017_10_16,0.58224,10-16-17,"{""type"":""MultiPoint"",""coordinates"":[]}"
2017_11_01,0.528775,11-01-17,"{""type"":""MultiPoint"",""coordinates"":[]}"
2017_11_17,0.506645,11-17-17,"{""type"":""MultiPoint"",""coordinates"":[]}"
2017_12_03,0.499742,12-03-17,"{""type"":""MultiPoint"",""coordinates"":[]}"
2017_12_19,0.489406,12-19-17,"{""type"":""MultiPoint"",""coordinates"":[]}"
2018_01_01,0.458982,01-01-18,"{""type"":""MultiPoint"",""coordinates"":[]}"
2018_01_17,0.437422,01-17-18,"{""type"":""MultiPoint"",""coordinates"":[]}"
2018_02_02,0.412968,02-02-18,"{""type"":""MultiPoint"",""coordinates"":[]}"
2018_02_18,0.420683,02-18-18,"{""type"":""MultiPoint"",""coordinates"":[]}"
2018_03_06,0.443534,03-06-18,"{""type"":""MultiPoint"",""coordinates"":[]}"
2018_03_22,0.475089,03-22-18,"{""type"":""MultiPoint"",""coordinates"":[]}"
2018_04_07,0.498822,04-07-18,"{""type"":""MultiPoint"",""coordinates"":[]}"
2018_04_23,0.52279,04-23-18,"{""type"":""MultiPoint"",""coordinates"":[]}"
2018_05_09,0.526887,05-09-18,"{""type"":""MultiPoint"",""coordinates"":[]}"
2018_05_25,0.511269,05-25-18,"{""type"":""MultiPoint"",""coordinates"":[]}"
2018_06_10,0.489002,06-10-18,"{""type"":""MultiPoint"",""coordinates"":[]}"
2018_06_26,0.460676,06-26-18,"{""type"":""MultiPoint"",""coordinates"":[]}"
2018_07_12,0.473953,07-12-18,"{""type"":""MultiPoint"",""coordinates"":[]}"
2018_07_28,0.469569,07-28-18,"{""type"":""MultiPoint"",""coordinates"":[]}"
2018_08_13,0.526874,08-13-18,"{""type"":""MultiPoint"",""coordinates"":[]}"
2018_08_29,0.489603,08-29-18,"{""type"":""MultiPoint"",""coordinates"":[]}"
2018_09_14,0.629342,09-14-18,"{""type"":""MultiPoint"",""coordinates"":[]}"
2018_09_30,0.634879,09-30-18,"{""type"":""MultiPoint"",""coordinates"":[]}"
2018_10_16,0.612308,10-16-18,"{""type"":""MultiPoint"",""coordinates"":[]}"
2018_11_01,0.589196,11-01-18,"{""type"":""MultiPoint"",""coordinates"":[]}"
2018_11_17,0.499431,11-17-18,"{""type"":""MultiPoint"",""coordinates"":[]}"
2018_12_03,0.492251,12-03-18,"{""type"":""MultiPoint"",""coordinates"":[]}"
2018_12_19,0.486553,12-19-18,"{""type"":""MultiPoint"",""coordinates"":[]}"
2019_01_01,0.49037,01-01-19,"{""type"":""MultiPoint"",""coordinates"":[]}"
2019_01_17,0.465725,01-17-19,"{""type"":""MultiPoint"",""coordinates"":[]}"
2019_02_02,0.461205,02-02-19,"{""type"":""MultiPoint"",""coordinates"":[]}"
2019_02_18,0.458929,02-18-19,"{""type"":""MultiPoint"",""coordinates"":[]}"
2019_03_06,0.469395,03-06-19,"{""type"":""MultiPoint"",""coordinates"":[]}"
2019_03_22,0.474386,03-22-19,"{""type"":""MultiPoint"",""coordinates"":[]}"
2019_04_07,0.548178,04-07-19,"{""type"":""MultiPoint"",""coordinates"":[]}"
2019_04_23,0.573192,04-23-19,"{""type"":""MultiPoint"",""coordinates"":[]}"
2019_05_09,0.586672,05-09-19,"{""type"":""MultiPoint"",""coordinates"":[]}"
2019_05_25,0.591857,05-25-19,"{""type"":""MultiPoint"",""coordinates"":[]}"
2019_06_10,0.623003,06-10-19,"{""type"":""MultiPoint"",""coordinates"":[]}"
2019_06_26,0.599557,06-26-19,"{""type"":""MultiPoint"",""coordinates"":[]}"
2019_07_12,0.547777,07-12-19,"{""type"":""MultiPoint"",""coordinates"":[]}"
2019_07_28,0.505613,07-28-19,"{""type"":""MultiPoint"",""coordinates"":[]}"
2019_08_13,0.492232,08-13-19,"{""type"":""MultiPoint"",""coordinates"":[]}"
2019_08_29,0.501943,08-29-19,"{""type"":""MultiPoint"",""coordinates"":[]}"
2019_09_14,0.490754,09-14-19,"{""type"":""MultiPoint"",""coordinates"":[]}"
2019_09_30,0.498337,09-30-19,"{""type"":""MultiPoint"",""coordinates"":[]}"
2019_10_16,0.499524,10-16-19,"{""type"":""MultiPoint"",""coordinates"":[]}"
2019_11_01,0.495756,11-01-19,"{""type"":""MultiPoint"",""coordinates"":[]}"
2019_11_17,0.484871,11-17-19,"{""type"":""MultiPoint"",""coordinates"":[]}"
2019_12_03,0.464121,12-03-19,"{""type"":""MultiPoint"",""coordinates"":[]}"
2019_12_19,0.460319,12-19-19,"{""type"":""MultiPoint"",""coordinates"":[]}"
2020_01_01,0.465228,01-01-20,"{""type"":""MultiPoint"",""coordinates"":[]}"
2020_01_17,0.458973,01-17-20,"{""type"":""MultiPoint"",""coordinates"":[]}"
2020_02_02,0.454683,02-02-20,"{""type"":""MultiPoint"",""coordinates"":[]}"
2020_02_18,0.460662,02-18-20,"{""type"":""MultiPoint"",""coordinates"":[]}"
2020_03_05,0.458206,03-05-20,"{""type"":""MultiPoint"",""coordinates"":[]}"
2020_03_21,0.55596,03-21-20,"{""type"":""MultiPoint"",""coordinates"":[]}"
2020_04_06,0.595307,04-06-20,"{""type"":""MultiPoint"",""coordinates"":[]}"
2020_04_22,0.586802,04-22-20,"{""type"":""MultiPoint"",""coordinates"":[]}"
2020_05_08,0.572976,05-08-20,"{""type"":""MultiPoint"",""coordinates"":[]}"
2020_05_24,0.588288,05-24-20,"{""type"":""MultiPoint"",""coordinates"":[]}"
2020_06_09,0.546945,06-09-20,"{""type"":""MultiPoint"",""coordinates"":[]}"
2020_06_25,0.555742,06-25-20,"{""type"":""MultiPoint"",""coordinates"":[]}"
2020_07_11,0.489157,07-11-20,"{""type"":""MultiPoint"",""coordinates"":[]}"
2020_07_27,0.507231,07-27-20,"{""type"":""MultiPoint"",""coordinates"":[]}"
2020_08_12,0.486699,08-12-20,"{""type"":""MultiPoint"",""coordinates"":[]}"
2020_08_28,0.477729,08-28-20,"{""type"":""MultiPoint"",""coordinates"":[]}"
2020_09_13,0.55685,09-13-20,"{""type"":""MultiPoint"",""coordinates"":[]}"
2020_09_29,0.534943,09-29-20,"{""type"":""MultiPoint"",""coordinates"":[]}"
2020_10_15,0.520276,10-15-20,"{""type"":""MultiPoint"",""coordinates"":[]}"
2020_10_31,0.491892,10-31-20,"{""type"":""MultiPoint"",""coordinates"":[]}"
2020_11_16,0.476099,11-16-20,"{""type"":""MultiPoint"",""coordinates"":[]}"
2020_12_02,0.455149,12-02-20,"{""type"":""MultiPoint"",""coordinates"":[]}"
2020_12_18,0.443417,12-18-20,"{""type"":""MultiPoint"",""coordinates"":[]}"
2021_01_01,0.438996,01-01-21,"{""type"":""MultiPoint"",""coordinates"":[]}"
2021_01_17,0.431839,01-17-21,"{""type"":""MultiPoint"",""coordinates"":[]}"
2021_02_02,0.411039,02-02-21,"{""type"":""MultiPoint"",""coordinates"":[]}"
2021_02_18,0.420916,02-18-21,"{""type"":""MultiPoint"",""coordinates"":[]}"
2021_03_06,0.407513,03-06-21,"{""type"":""MultiPoint"",""coordinates"":[]}"
2021_03_22,0.418712,03-22-21,"{""type"":""MultiPoint"",""coordinates"":[]}"
2021_04_07,0.460888,04-07-21,"{""type"":""MultiPoint"",""coordinates"":[]}"
2021_04_23,0.51668,04-23-21,"{""type"":""MultiPoint"",""coordinates"":[]}"
2021_05_09,0.560271,05-09-21,"{""type"":""MultiPoint"",""coordinates"":[]}"
2021_05_25,0.542222,05-25-21,"{""type"":""MultiPoint"",""coordinates"":[]}"
2021_06_10,0.567578,06-10-21,"{""type"":""MultiPoint"",""coordinates"":[]}"
2021_06_26,0.530449,06-26-21,"{""type"":""MultiPoint"",""coordinates"":[]}"
2021_07_12,0.582371,07-12-21,"{""type"":""MultiPoint"",""coordinates"":[]}"
2021_07_28,0.555606,07-28-21,"{""type"":""MultiPoint"",""coordinates"":[]}"
2021_08_13,0.556316,08-13-21,"{""type"":""MultiPoint"",""coordinates"":[]}"
2021_08_29,0.534895,08-29-21,"{""type"":""MultiPoint"",""coordinates"":[]}"
2021_09_14,0.517541,09-14-21,"{""type"":""MultiPoint"",""coordinates"":[]}"
2021_09_30,0.560173,09-30-21,"{""type"":""MultiPoint"",""coordinates"":[]}"
2021_10_16,0.569268,10-16-21,"{""type"":""MultiPoint"",""coordinates"":[]}"
2021_11_01,0.578954,11-01-21,"{""type"":""MultiPoint"",""coordinates"":[]}"
2021_11_17,0.557265,11-17-21,"{""type"":""MultiPoint"",""coordinates"":[]}"
2021_12_03,0.497047,12-03-21,"{""type"":""MultiPoint"",""coordinates"":[]}"
2021_12_19,0.482442,12-19-21,"{""type"":""MultiPoint"",""coordinates"":[]}"
2022_01_01,0.466502,01-01-22,"{""type"":""MultiPoint"",""coordinates"":[]}"
2022_01_17,0.432943,01-17-22,"{""type"":""MultiPoint"",""coordinates"":[]}"
2022_02_02,0.421819,02-02-22,"{""type"":""MultiPoint"",""coordinates"":[]}"
2022_02_18,0.404637,02-18-22,"{""type"":""MultiPoint"",""coordinates"":[]}"
2022_03_06,0.389783,03-06-22,"{""type"":""MultiPoint"",""coordinates"":[]}"
2022_03_22,0.374751,03-22-22,"{""type"":""MultiPoint"",""coordinates"":[]}"
2022_04_07,0.368877,04-07-22,"{""type"":""MultiPoint"",""coordinates"":[]}"
2022_04_23,0.48803,04-23-22,"{""type"":""MultiPoint"",""coordinates"":[]}"
2022_05_09,0.432976,05-09-22,"{""type"":""MultiPoint"",""coordinates"":[]}"
2022_05_25,0.443471,05-25-22,"{""type"":""MultiPoint"",""coordinates"":[]}"
2022_06_10,0.433708,06-10-22,"{""type"":""MultiPoint"",""coordinates"":[]}"
2022_06_26,0.413311,06-26-22,"{""type"":""MultiPoint"",""coordinates"":[]}"
2022_07_12,0.423761,07-12-22,"{""type"":""MultiPoint"",""coordinates"":[]}"
2022_07_28,0.400905,07-28-22,"{""type"":""MultiPoint"",""coordinates"":[]}"
2022_08_13,0.434488,08-13-22,"{""type"":""MultiPoint"",""coordinates"":[]}"
2022_08_29,0.515164,08-29-22,"{""type"":""MultiPoint"",""coordinates"":[]}"
2022_09_14,0.520192,09-14-22,"{""type"":""MultiPoint"",""coordinates"":[]}"
2022_09_30,0.506855,09-30-22,"{""type"":""MultiPoint"",""coordinates"":[]}"
2022_10_16,0.482161,10-16-22,"{""type"":""MultiPoint"",""coordinates"":[]}"
2022_11_01,0.492654,11-01-22,"{""type"":""MultiPoint"",""coordinates"":[]}"
2022_11_17,0.472822,11-17-22,"{""type"":""MultiPoint"",""coordinates"":[]}"
2022_12_03,0.452843,12-03-22,"{""type"":""MultiPoint"",""coordinates"":[]}"
2022_12_19,0.42568,12-19-22,"{""type"":""MultiPoint"",""coordinates"":[]}"
2023_01_01,0.415286,01-01-23,"{""type"":""MultiPoint"",""coordinates"":[]}"
2023_01_17,0.42318,01-17-23,"{""type"":""MultiPoint"",""coordinates"":[]}"
2023_02_02,0.41902,02-02-23,"{""type"":""MultiPoint"",""coordinates"":[]}"
2023_02_18,0.388118,02-18-23,"{""type"":""MultiPoint"",""coordinates"":[]}"
2023_03_06,0.441392,03-06-23,"{""type"":""MultiPoint"",""coordinates"":[]}"
2023_03_22,0.451224,03-22-23,"{""type"":""MultiPoint"",""coordinates"":[]}"
2023_04_07,0.470682,04-07-23,"{""type"":""MultiPoint"",""coordinates"":[]}"
2023_04_23,0.446238,04-23-23,"{""type"":""MultiPoint"",""coordinates"":[]}"
2023_05_09,0.541724,05-09-23,"{""type"":""MultiPoint"",""coordinates"":[]}"
2023_05_25,0.576887,05-25-23,"{""type"":""MultiPoint"",""coordinates"":[]}"
2023_06_10,0.508054,06-10-23,"{""type"":""MultiPoint"",""coordinates"":[]}"
2023_06_26,0.451158,06-26-23,"{""type"":""MultiPoint"",""coordinates"":[]}"
2023_07_12,0.42948,07-12-23,"{""type"":""MultiPoint"",""coordinates"":[]}"
2023_07_28,0.402958,07-28-23,"{""type"":""MultiPoint"",""coordinates"":[]}"
2023_08_13,0.400171,08-13-23,"{""type"":""MultiPoint"",""coordinates"":[]}"
2023_08_29,0.406029,08-29-23,"{""type"":""MultiPoint"",""coordinates"":[]}"
2023_09_14,0.440646,09-14-23,"{""type"":""MultiPoint"",""coordinates"":[]}"
2023_09_30,0.500225,09-30-23,"{""type"":""MultiPoint"",""coordinates"":[]}"
2023_10_16,0.476911,10-16-23,"{""type"":""MultiPoint"",""coordinates"":[]}"
2023_11_01,0.534845,11-01-23,"{""type"":""MultiPoint"",""coordinates"":[]}"
2023_11_17,0.503944,11-17-23,"{""type"":""MultiPoint"",""coordinates"":[]}"
2023_12_03,0.491102,12-03-23,"{""type"":""MultiPoint"",""coordinates"":[]}"
2023_12_19,0.512459,12-19-23,"{""type"":""MultiPoint"",""coordinates"":[]}"
2024_01_01,0.501073,01-01-24,"{""type"":""MultiPoint"",""coordinates"":[]}"
2024_01_17,0.480472,01-17-24,"{""type"":""MultiPoint"",""coordinates"":[]}"
2024_02_02,0.469028,02-02-24,"{""type"":""MultiPoint"",""coordinates"":[]}"
2024_02_18,0.468928,02-18-24,"{""type"":""MultiPoint"",""coordinates"":[]}"
2024_03_05,0.462856,03-05-24,"{""type"":""MultiPoint"",""coordinates"":[]}"
2024_03_21,0.532322,03-21-24,"{""type"":""MultiPoint"",""coordinates"":[]}"
2024_04_06,0.536204,04-06-24,"{""type"":""MultiPoint"",""coordinates"":[]}"
2024_04_22,0.546518,04-22-24,"{""type"":""MultiPoint"",""coordinates"":[]}"
2024_05_08,0.511579,05-08-24,"{""type"":""MultiPoint"",""coordinates"":[]}"
2024_05_24,0.490734,05-24-24,"{""type"":""MultiPoint"",""coordinates"":[]}"
2024_06_09,0.504005,06-09-24,"{""type"":""MultiPoint"",""coordinates"":[]}"
2024_06_25,0.516976,06-25-24,"{""type"":""MultiPoint"",""coordinates"":[]}"
2024_07_11,0.50355,07-11-24,"{""type"":""MultiPoint"",""coordinates"":[]}"
2024_07_27,0.567617,07-27-24,"{""type"":""MultiPoint"",""coordinates"":[]}"
2024_08_12,0.530176,08-12-24,"{""type"":""MultiPoint"",""coordinates"":[]}"
2024_08_28,0.565122,08-28-24,"{""type"":""MultiPoint"",""coordinates"":[]}"
2024_09_13,0.584433,09-13-24,"{""type"":""MultiPoint"",""coordinates"":[]}"
2024_09_29,0.528917,09-29-24,"{""type"":""MultiPoint"",""coordinates"":[]}"
2024_10_15,0.476509,10-15-24,"{""type"":""MultiPoint"",""coordinates"":[]}"
2024_10_31,0.51228,10-31-24,"{""type"":""MultiPoint"",""coordinates"":[]}"
2024_11_16,0.482326,11-16-24,"{""type"":""MultiPoint"",""coordinates"":[]}"
2024_12_02,0.467636,12-02-24,"{""type"":""MultiPoint"",""coordinates"":[]}"
2024_12_18,0.449804,12-18-24,"{""type"":""MultiPoint"",""coordinates"":[]}"
